Model,Accuracy,F1 Score
Logistic Regression,0.768361581920904,0.7531276658422533
Random Forest,0.7728813559322034,0.7602881482190712
XGBoost,0.7672316384180791,0.7621747456559542
